aqi,pm25,pm10,lat,lon,source,age_group,sensitivity,risk
75,28.3,35.6,34.052235,-118.243683,Open-Meteo,25-34,medium,1
54,26.3,29.2,34.052235,-118.243683,Open-Meteo,25-34,high,2
40,1.3,1.4,40.712776,-74.005974,Open-Meteo,18-24,low,0
145,62.2,97.3,31.230391,121.473701,Open-Meteo,35-44,low,2
32,11.2,16.0,51.507351,-0.127758,Open-Meteo,25-34,high,1
61,16.2,18.8,1.352083,103.819839,Open-Meteo,45+,high,2
51,14.8,15.0,40.712776,-74.005974,Open-Meteo,45+,high,2
56,10.7,14.1,-33.86882,151.20929,Open-Meteo,35-44,high,2
66,11.6,13.2,52.229676,21.012229,Open-Meteo,18-24,low,1
75,22.8,28.6,34.052235,-118.243683,Open-Meteo,35-44,high,2
37,8.8,11.3,41.902782,12.496366,Open-Meteo,18-24,low,0
37,17.0,17.6,40.712776,-74.005974,Open-Meteo,45+,medium,0
58,11.6,13.5,42.341685,69.590103,Open-Meteo,35-44,high,2
55,6.5,9.1,-33.86882,151.20929,Open-Meteo,45+,low,1
105,25.9,34.8,41.00824,28.978359,Open-Meteo,45+,high,3
46,4.5,6.6,51.507351,-0.127758,Open-Meteo,35-44,high,1
48,9.0,12.7,-33.86882,151.20929,Open-Meteo,25-34,medium,0
117,16.8,20.7,13.756331,100.501762,Open-Meteo,45+,medium,2
153,92.7,127.1,31.230391,121.473701,Open-Meteo,45+,low,3
38,14.3,25.3,51.169392,71.449074,Open-Meteo,18-24,high,1
34,9.1,13.7,49.806755,73.085449,Open-Meteo,35-44,medium,0
65,37.1,39.5,35.676193,139.650311,Open-Meteo,18-24,high,2
177,11.5,30.5,39.904202,116.407394,Open-Meteo,25-34,medium,3
90,19.0,20.3,35.676193,139.650311,Open-Meteo,25-34,high,2
114,34.9,165.0,30.04442,31.235712,Open-Meteo,18-24,high,3
74,12.3,12.3,-23.55052,-46.633308,Open-Meteo,25-34,high,2
64,26.1,31.6,48.856613,2.352222,Open-Meteo,18-24,low,1
110,65.4,78.5,37.566536,126.977966,Open-Meteo,25-34,high,3
38,11.9,17.2,52.520008,13.404954,Open-Meteo,35-44,low,0
33,9.7,11.9,41.902782,12.496366,Open-Meteo,18-24,high,1
64,16.4,36.7,34.052235,-118.243683,Open-Meteo,45+,low,1
59,6.4,6.8,40.712776,-74.005974,Open-Meteo,25-34,medium,1
51,15.4,20.9,52.520008,13.404954,Open-Meteo,25-34,high,2
65,23.3,29.0,1.352083,103.819839,Open-Meteo,25-34,high,2
87,11.6,12.9,37.566536,126.977966,Open-Meteo,25-34,low,1
77,31.0,44.2,30.04442,31.235712,Open-Meteo,45+,high,2
55,5.7,7.9,-33.86882,151.20929,Open-Meteo,18-24,medium,1
96,27.1,29.8,13.756331,100.501762,Open-Meteo,45+,medium,1
151,70.5,74.5,31.230391,121.473701,Open-Meteo,45+,low,3
236,82.7,588.6,28.613939,77.209023,Open-Meteo,35-44,medium,3
52,19.4,21.7,42.341685,69.590103,Open-Meteo,18-24,low,1
54,34.6,35.4,-33.86882,151.20929,Open-Meteo,35-44,high,2
236,87.8,717.1,28.613939,77.209023,Open-Meteo,18-24,high,3
46,13.4,18.3,41.902782,12.496366,Open-Meteo,18-24,medium,0
89,35.6,44.5,37.566536,126.977966,Open-Meteo,18-24,low,1
107,49.4,59.3,41.00824,28.978359,Open-Meteo,45+,high,3
60,18.5,20.2,1.352083,103.819839,Open-Meteo,25-34,medium,1
90,27.8,27.9,19.432608,-99.133209,Open-Meteo,35-44,medium,1
80,9.5,18.0,30.04442,31.235712,Open-Meteo,35-44,low,1
85,11.6,13.6,37.566536,126.977966,Open-Meteo,35-44,medium,1
94,16.1,18.4,52.229676,21.012229,Open-Meteo,35-44,medium,1
48,6.7,8.8,48.856613,2.352222,Open-Meteo,18-24,medium,0
166,52.4,65.7,31.230391,121.473701,Open-Meteo,35-44,high,3
70,39.0,42.8,34.052235,-118.243683,Open-Meteo,25-34,medium,1
152,16.4,18.6,39.904202,116.407394,Open-Meteo,35-44,low,3
102,17.6,46.3,39.904202,116.407394,Open-Meteo,25-34,medium,2
152,60.3,152.3,28.613939,77.209023,Open-Meteo,45+,medium,3
146,31.8,39.1,13.756331,100.501762,Open-Meteo,45+,low,2
66,13.6,18.4,1.352083,103.819839,Open-Meteo,35-44,low,1
33,8.3,13.4,51.507351,-0.127758,Open-Meteo,25-34,low,0
96,20.5,20.7,-23.55052,-46.633308,Open-Meteo,45+,low,1
69,26.8,34.7,34.052235,-118.243683,Open-Meteo,25-34,high,2
126,58.4,234.7,28.613939,77.209023,Open-Meteo,18-24,high,3
79,40.0,113.2,30.04442,31.235712,Open-Meteo,18-24,high,2
382,44.5,136.4,28.613939,77.209023,Open-Meteo,45+,medium,3
37,3.4,4.3,40.416775,-3.70379,Open-Meteo,35-44,medium,0
28,4.2,10.4,51.507351,-0.127758,Open-Meteo,35-44,high,1
34,3.8,4.4,41.902782,12.496366,Open-Meteo,35-44,medium,0
47,15.8,17.5,35.676193,139.650311,Open-Meteo,18-24,low,0
92,8.9,11.9,52.229676,21.012229,Open-Meteo,35-44,high,2
73,15.4,23.2,41.00824,28.978359,Open-Meteo,35-44,medium,1
78,26.3,31.2,13.756331,100.501762,Open-Meteo,18-24,low,1
50,34.0,34.6,35.676193,139.650311,Open-Meteo,35-44,medium,1
68,14.5,14.5,-23.55052,-46.633308,Open-Meteo,18-24,low,1
69,26.0,32.0,1.352083,103.819839,Open-Meteo,18-24,high,2
176,8.3,17.0,39.904202,116.407394,Open-Meteo,25-34,medium,3
126,54.7,194.2,28.613939,77.209023,Open-Meteo,45+,medium,2
85,20.0,25.8,13.756331,100.501762,Open-Meteo,45+,low,1
62,10.9,13.2,13.756331,100.501762,Open-Meteo,45+,high,2
40,15.8,24.6,51.169392,71.449074,Open-Meteo,25-34,high,1
70,17.7,22.2,1.352083,103.819839,Open-Meteo,25-34,high,2
39,4.7,8.0,52.520008,13.404954,Open-Meteo,25-34,high,1
173,38.9,231.9,28.613939,77.209023,Open-Meteo,18-24,medium,3
27,10.5,18.9,48.856613,2.352222,Open-Meteo,45+,medium,0
90,48.9,68.7,37.566536,126.977966,Open-Meteo,18-24,medium,1
60,16.9,22.5,1.352083,103.819839,Open-Meteo,45+,medium,1
99,57.6,58.0,19.432608,-99.133209,Open-Meteo,35-44,medium,1
103,19.3,20.1,19.432608,-99.133209,Open-Meteo,25-34,low,2
38,1.6,1.6,40.712776,-74.005974,Open-Meteo,25-34,medium,0
179,44.2,135.0,39.904202,116.407394,Open-Meteo,35-44,high,3
385,44.6,166.2,28.613939,77.209023,Open-Meteo,35-44,medium,3
34,5.3,6.1,49.806755,73.085449,Open-Meteo,45+,high,1
128,56.1,299.0,28.613939,77.209023,Open-Meteo,18-24,low,2
18,3.0,4.4,40.416775,-3.70379,Open-Meteo,45+,medium,0
54,18.5,23.8,1.352083,103.819839,Open-Meteo,18-24,low,1
79,14.8,15.0,19.432608,-99.133209,Open-Meteo,35-44,medium,1
38,17.8,19.6,49.806755,73.085449,Open-Meteo,45+,medium,0
51,6.6,7.5,48.856613,2.352222,Open-Meteo,25-34,high,2
154,89.2,121.1,37.566536,126.977966,Open-Meteo,18-24,high,3
47,8.7,8.9,40.712776,-74.005974,Open-Meteo,25-34,low,0
40,5.4,10.3,51.507351,-0.127758,Open-Meteo,25-34,high,1
42,4.6,8.6,52.520008,13.404954,Open-Meteo,25-34,medium,0
65,8.4,9.3,49.806755,73.085449,Open-Meteo,18-24,medium,1
43,11.8,11.9,40.712776,-74.005974,Open-Meteo,25-34,medium,0
37,6.1,6.5,40.712776,-74.005974,Open-Meteo,25-34,medium,0
38,1.8,1.8,49.806755,73.085449,Open-Meteo,35-44,high,1
47,5.1,6.9,41.902782,12.496366,Open-Meteo,35-44,high,1
30,2.8,5.1,40.416775,-3.70379,Open-Meteo,25-34,high,1
42,8.2,12.1,52.520008,13.404954,Open-Meteo,45+,low,0
60,24.0,27.9,13.756331,100.501762,Open-Meteo,45+,medium,1
58,14.8,18.7,13.756331,100.501762,Open-Meteo,25-34,high,2
75,19.7,19.8,-23.55052,-46.633308,Open-Meteo,18-24,high,2
165,121.1,133.2,39.904202,116.407394,Open-Meteo,25-34,high,3
49,13.7,15.5,-33.86882,151.20929,Open-Meteo,35-44,medium,0
167,35.5,41.9,13.756331,100.501762,Open-Meteo,45+,high,3
41,6.4,6.7,40.712776,-74.005974,Open-Meteo,45+,high,1
87,51.2,73.8,37.566536,126.977966,Open-Meteo,45+,low,1
54,8.1,11.1,-33.86882,151.20929,Open-Meteo,45+,low,1
23,8.7,10.2,52.520008,13.404954,Open-Meteo,18-24,medium,0
39,20.3,27.9,48.856613,2.352222,Open-Meteo,25-34,low,0
50,20.8,22.1,-33.86882,151.20929,Open-Meteo,45+,medium,1
71,13.8,18.2,34.052235,-118.243683,Open-Meteo,25-34,medium,1
65,8.5,10.4,34.052235,-118.243683,Open-Meteo,45+,low,1
157,46.7,69.4,39.904202,116.407394,Open-Meteo,18-24,low,3
87,23.2,66.1,25.204849,55.270782,Open-Meteo,45+,medium,1
55,16.2,17.2,-33.86882,151.20929,Open-Meteo,25-34,medium,1
41,10.7,20.4,49.806755,73.085449,Open-Meteo,35-44,medium,0
52,16.0,18.5,48.856613,2.352222,Open-Meteo,18-24,high,2
34,2.8,3.9,41.902782,12.496366,Open-Meteo,25-34,low,0
145,39.8,123.9,25.204849,55.270782,Open-Meteo,45+,low,2
101,51.6,98.5,25.204849,55.270782,Open-Meteo,35-44,low,2
142,20.5,20.8,-23.55052,-46.633308,Open-Meteo,35-44,medium,2
56,29.3,32.1,52.229676,21.012229,Open-Meteo,45+,high,2
83,16.4,23.7,43.238949,76.889709,Open-Meteo,18-24,medium,1
81,32.6,104.1,43.238949,76.889709,Open-Meteo,18-24,medium,1
91,18.0,18.3,19.432608,-99.133209,Open-Meteo,45+,high,2
44,2.9,3.0,40.712776,-74.005974,Open-Meteo,45+,medium,0
103,48.2,48.4,19.432608,-99.133209,Open-Meteo,45+,high,3
82,14.0,28.8,41.00824,28.978359,Open-Meteo,35-44,low,1
107,20.9,42.9,30.04442,31.235712,Open-Meteo,18-24,medium,2
51,13.2,16.5,48.856613,2.352222,Open-Meteo,25-34,medium,1
34,5.6,11.7,51.507351,-0.127758,Open-Meteo,25-34,low,0
58,27.1,28.6,35.676193,139.650311,Open-Meteo,45+,low,1
48,7.4,9.9,41.902782,12.496366,Open-Meteo,25-34,high,1
29,6.9,8.2,49.806755,73.085449,Open-Meteo,35-44,medium,0
78,29.6,42.6,13.756331,100.501762,Open-Meteo,25-34,high,2
82,28.7,48.1,41.00824,28.978359,Open-Meteo,35-44,high,2
81,29.6,37.1,43.238949,76.889709,Open-Meteo,45+,low,1
38,14.2,16.5,-33.86882,151.20929,Open-Meteo,35-44,low,0
55,13.0,18.5,42.341685,69.590103,Open-Meteo,25-34,low,1
51,8.9,12.5,52.229676,21.012229,Open-Meteo,25-34,low,1
39,19.7,20.7,40.712776,-74.005974,Open-Meteo,45+,low,0
28,6.7,9.7,52.520008,13.404954,Open-Meteo,25-34,high,1
97,10.0,10.0,-23.55052,-46.633308,Open-Meteo,25-34,medium,1
47,11.4,15.5,41.902782,12.496366,Open-Meteo,25-34,medium,0
74,19.7,24.0,34.052235,-118.243683,Open-Meteo,45+,high,2
83,34.2,34.7,19.432608,-99.133209,Open-Meteo,25-34,low,1
53,20.4,20.6,19.432608,-99.133209,Open-Meteo,18-24,high,2
46,8.7,10.8,52.229676,21.012229,Open-Meteo,18-24,high,1
160,145.8,183.9,31.230391,121.473701,Open-Meteo,18-24,low,3
48,17.7,17.8,19.432608,-99.133209,Open-Meteo,45+,low,0
81,23.2,26.4,13.756331,100.501762,Open-Meteo,45+,medium,1
81,20.5,33.3,39.904202,116.407394,Open-Meteo,45+,high,2
78,30.0,42.7,13.756331,100.501762,Open-Meteo,35-44,medium,1
63,20.8,41.9,34.052235,-118.243683,Open-Meteo,25-34,high,2
179,71.0,154.6,39.904202,116.407394,Open-Meteo,45+,low,3
60,16.4,21.6,1.352083,103.819839,Open-Meteo,35-44,low,1
179,94.3,421.9,28.613939,77.209023,Open-Meteo,35-44,low,3
112,25.8,77.5,25.204849,55.270782,Open-Meteo,18-24,low,2
148,68.7,94.5,31.230391,121.473701,Open-Meteo,45+,medium,2
27,10.9,14.0,40.416775,-3.70379,Open-Meteo,18-24,medium,0
85,20.6,31.6,41.00824,28.978359,Open-Meteo,35-44,medium,1
108,43.2,120.3,30.04442,31.235712,Open-Meteo,25-34,high,3
64,24.8,44.9,43.238949,76.889709,Open-Meteo,45+,high,2
29,6.8,10.3,-33.86882,151.20929,Open-Meteo,25-34,high,1
41,7.5,12.5,51.507351,-0.127758,Open-Meteo,25-34,medium,0
128,51.1,208.6,39.904202,116.407394,Open-Meteo,25-34,medium,2
76,14.5,14.5,-23.55052,-46.633308,Open-Meteo,18-24,medium,1
52,6.4,7.0,35.676193,139.650311,Open-Meteo,18-24,medium,1
80,34.5,35.3,19.432608,-99.133209,Open-Meteo,25-34,medium,1
64,10.5,11.2,49.806755,73.085449,Open-Meteo,45+,medium,1
101,46.6,51.8,37.566536,126.977966,Open-Meteo,45+,low,2
70,21.7,23.3,35.676193,139.650311,Open-Meteo,35-44,low,1
77,21.2,23.5,13.756331,100.501762,Open-Meteo,25-34,medium,1
24,4.8,7.4,40.416775,-3.70379,Open-Meteo,45+,high,1
85,46.7,125.7,30.04442,31.235712,Open-Meteo,35-44,low,1
75,21.6,22.1,-23.55052,-46.633308,Open-Meteo,25-34,medium,1
51,7.7,10.0,51.169392,71.449074,Open-Meteo,45+,medium,1
155,56.6,91.0,39.904202,116.407394,Open-Meteo,25-34,low,3
89,46.3,46.6,-23.55052,-46.633308,Open-Meteo,35-44,medium,1
88,20.8,38.8,43.238949,76.889709,Open-Meteo,18-24,medium,1
60,21.8,24.6,13.756331,100.501762,Open-Meteo,18-24,medium,1
77,13.0,16.9,41.00824,28.978359,Open-Meteo,25-34,medium,1
107,64.9,156.9,30.04442,31.235712,Open-Meteo,45+,low,2
51,17.8,19.6,42.341685,69.590103,Open-Meteo,35-44,medium,1
82,15.5,26.4,43.238949,76.889709,Open-Meteo,18-24,high,2
27,4.2,5.8,52.520008,13.404954,Open-Meteo,18-24,medium,0
73,9.9,14.2,43.238949,76.889709,Open-Meteo,25-34,low,1
54,21.5,23.3,34.052235,-118.243683,Open-Meteo,35-44,high,2
88,21.4,22.2,19.432608,-99.133209,Open-Meteo,35-44,low,1
110,20.4,41.4,39.904202,116.407394,Open-Meteo,35-44,low,2
51,12.4,15.0,13.756331,100.501762,Open-Meteo,18-24,low,1
163,75.7,87.1,37.566536,126.977966,Open-Meteo,18-24,high,3
50,19.1,20.7,-33.86882,151.20929,Open-Meteo,35-44,high,2
194,190.5,210.9,31.230391,121.473701,Open-Meteo,35-44,low,3
104,24.9,44.3,30.04442,31.235712,Open-Meteo,18-24,high,3
87,20.3,57.4,25.204849,55.270782,Open-Meteo,35-44,high,2
60,15.3,21.4,41.00824,28.978359,Open-Meteo,18-24,medium,1
32,3.4,6.0,52.520008,13.404954,Open-Meteo,45+,high,1
64,11.8,29.7,34.052235,-118.243683,Open-Meteo,25-34,medium,1
35,5.5,6.8,41.902782,12.496366,Open-Meteo,25-34,low,0
127,58.6,277.5,28.613939,77.209023,Open-Meteo,35-44,medium,2
136,36.9,137.8,28.613939,77.209023,Open-Meteo,18-24,medium,2
48,7.4,8.2,42.341685,69.590103,Open-Meteo,45+,high,1
71,19.1,24.7,41.00824,28.978359,Open-Meteo,25-34,low,1
89,25.9,66.6,43.238949,76.889709,Open-Meteo,25-34,low,1
47,12.3,15.9,-33.86882,151.20929,Open-Meteo,25-34,medium,0
138,53.0,86.4,25.204849,55.270782,Open-Meteo,18-24,low,2
86,29.7,108.1,30.04442,31.235712,Open-Meteo,35-44,medium,1
66,6.8,6.9,-23.55052,-46.633308,Open-Meteo,45+,high,2
152,76.1,86.4,31.230391,121.473701,Open-Meteo,18-24,low,3
39,9.6,15.4,52.520008,13.404954,Open-Meteo,45+,medium,0
155,110.1,144.8,31.230391,121.473701,Open-Meteo,45+,low,3
38,4.1,9.3,51.507351,-0.127758,Open-Meteo,18-24,low,0
54,28.4,40.3,52.229676,21.012229,Open-Meteo,45+,low,1
47,11.5,13.0,42.341685,69.590103,Open-Meteo,45+,low,0
65,8.9,10.3,49.806755,73.085449,Open-Meteo,25-34,high,2
90,37.7,109.7,43.238949,76.889709,Open-Meteo,45+,medium,1
56,9.0,9.7,34.052235,-118.243683,Open-Meteo,45+,high,2
81,17.1,21.1,13.756331,100.501762,Open-Meteo,25-34,medium,1
38,9.8,13.3,52.520008,13.404954,Open-Meteo,18-24,medium,0
90,17.0,17.1,34.052235,-118.243683,Open-Meteo,45+,medium,1
124,28.9,109.2,28.613939,77.209023,Open-Meteo,45+,low,2
26,2.7,4.5,40.416775,-3.70379,Open-Meteo,35-44,low,0
30,7.3,9.7,48.856613,2.352222,Open-Meteo,45+,low,0
36,6.3,7.4,51.169392,71.449074,Open-Meteo,18-24,low,0
41,17.6,25.3,51.169392,71.449074,Open-Meteo,45+,low,0
90,38.9,79.6,25.204849,55.270782,Open-Meteo,45+,medium,1
121,18.7,27.8,37.566536,126.977966,Open-Meteo,18-24,low,2
73,18.7,22.4,41.00824,28.978359,Open-Meteo,35-44,low,1
62,39.9,40.7,35.676193,139.650311,Open-Meteo,45+,low,1
49,18.0,19.6,42.341685,69.590103,Open-Meteo,18-24,medium,0
58,12.5,15.7,42.341685,69.590103,Open-Meteo,35-44,high,2
70,20.7,21.0,-23.55052,-46.633308,Open-Meteo,25-34,low,1
37,5.0,5.3,40.712776,-74.005974,Open-Meteo,35-44,low,0
59,16.5,17.8,1.352083,103.819839,Open-Meteo,45+,high,2
153,95.7,597.9,28.613939,77.209023,Open-Meteo,18-24,high,3
59,15.8,19.3,13.756331,100.501762,Open-Meteo,45+,medium,1
45,2.1,2.2,51.169392,71.449074,Open-Meteo,25-34,medium,0
52,5.8,5.8,-23.55052,-46.633308,Open-Meteo,18-24,low,1
61,18.7,23.0,1.352083,103.819839,Open-Meteo,35-44,medium,1
59,27.1,27.9,35.676193,139.650311,Open-Meteo,25-34,high,2
29,6.4,8.8,49.806755,73.085449,Open-Meteo,18-24,high,1
119,14.7,20.3,37.566536,126.977966,Open-Meteo,25-34,low,2
51,11.6,16.4,52.229676,21.012229,Open-Meteo,18-24,medium,1
82,46.3,48.7,37.566536,126.977966,Open-Meteo,45+,high,2
144,54.1,94.1,25.204849,55.270782,Open-Meteo,18-24,low,2
119,67.3,101.5,25.204849,55.270782,Open-Meteo,45+,medium,2
62,16.1,21.8,52.229676,21.012229,Open-Meteo,25-34,medium,1
46,5.0,5.7,49.806755,73.085449,Open-Meteo,18-24,medium,0
93,14.5,15.0,19.432608,-99.133209,Open-Meteo,35-44,high,2
105,33.6,155.2,30.04442,31.235712,Open-Meteo,35-44,medium,2
36,6.8,10.2,-33.86882,151.20929,Open-Meteo,35-44,low,0
35,8.0,10.6,40.416775,-3.70379,Open-Meteo,18-24,high,1
59,17.8,20.7,1.352083,103.819839,Open-Meteo,35-44,high,2
32,7.2,10.2,49.806755,73.085449,Open-Meteo,45+,medium,0
58,15.8,19.7,13.756331,100.501762,Open-Meteo,18-24,high,2
78,21.9,22.2,-23.55052,-46.633308,Open-Meteo,35-44,high,2
65,5.3,5.3,-23.55052,-46.633308,Open-Meteo,45+,medium,1
149,41.9,95.7,28.613939,77.209023,Open-Meteo,45+,medium,2
30,5.4,13.8,52.520008,13.404954,Open-Meteo,45+,high,1
37,5.2,6.8,52.520008,13.404954,Open-Meteo,45+,medium,0
87,41.6,43.4,34.052235,-118.243683,Open-Meteo,45+,medium,1
48,7.6,10.7,41.902782,12.496366,Open-Meteo,45+,low,0
151,47.4,169.0,28.613939,77.209023,Open-Meteo,45+,low,3
39,11.3,14.1,51.507351,-0.127758,Open-Meteo,25-34,high,1
98,50.5,63.5,41.00824,28.978359,Open-Meteo,18-24,medium,1
53,20.2,23.8,48.856613,2.352222,Open-Meteo,45+,high,2
41,4.8,6.4,40.416775,-3.70379,Open-Meteo,35-44,high,1
75,17.2,28.4,30.04442,31.235712,Open-Meteo,25-34,high,2
50,14.7,21.2,51.169392,71.449074,Open-Meteo,25-34,low,1
151,41.0,109.7,28.613939,77.209023,Open-Meteo,35-44,low,3
89,50.2,58.9,39.904202,116.407394,Open-Meteo,45+,low,1
60,13.0,13.7,1.352083,103.819839,Open-Meteo,35-44,medium,1
159,20.0,22.2,39.904202,116.407394,Open-Meteo,45+,medium,3
134,28.2,148.1,28.613939,77.209023,Open-Meteo,45+,high,3
34,5.5,12.4,51.507351,-0.127758,Open-Meteo,45+,low,0
18,2.9,4.4,40.416775,-3.70379,Open-Meteo,25-34,low,0
83,13.6,24.2,43.238949,76.889709,Open-Meteo,25-34,medium,1
59,10.0,10.7,34.052235,-118.243683,Open-Meteo,35-44,high,2
88,16.7,23.0,52.229676,21.012229,Open-Meteo,45+,medium,1
78,31.4,38.4,13.756331,100.501762,Open-Meteo,25-34,high,2
75,25.3,44.2,43.238949,76.889709,Open-Meteo,25-34,high,2
54,23.3,29.3,1.352083,103.819839,Open-Meteo,25-34,medium,1
43,5.6,11.9,51.507351,-0.127758,Open-Meteo,25-34,high,1
58,14.9,32.3,30.04442,31.235712,Open-Meteo,45+,low,1
74,24.7,24.8,-23.55052,-46.633308,Open-Meteo,25-34,low,1
94,23.8,99.6,30.04442,31.235712,Open-Meteo,25-34,low,1
55,15.9,20.5,1.352083,103.819839,Open-Meteo,25-34,medium,1
34,3.4,4.7,40.416775,-3.70379,Open-Meteo,18-24,low,0
82,36.1,71.5,30.04442,31.235712,Open-Meteo,45+,low,1
77,18.3,29.1,30.04442,31.235712,Open-Meteo,45+,high,2
54,16.1,16.1,35.676193,139.650311,Open-Meteo,45+,high,2
85,38.2,65.7,25.204849,55.270782,Open-Meteo,18-24,low,1
151,54.7,153.2,28.613939,77.209023,Open-Meteo,45+,medium,3
36,7.1,11.7,48.856613,2.352222,Open-Meteo,35-44,low,0
45,6.1,6.5,35.676193,139.650311,Open-Meteo,25-34,medium,0
80,23.6,24.4,19.432608,-99.133209,Open-Meteo,35-44,high,2
37,13.9,17.4,51.507351,-0.127758,Open-Meteo,35-44,high,1
66,17.3,17.3,-23.55052,-46.633308,Open-Meteo,45+,high,2
71,23.7,24.3,-23.55052,-46.633308,Open-Meteo,35-44,medium,1
99,28.5,33.4,41.00824,28.978359,Open-Meteo,45+,high,2
42,16.6,18.7,-33.86882,151.20929,Open-Meteo,25-34,low,0
41,5.9,6.0,51.169392,71.449074,Open-Meteo,45+,medium,0
34,4.2,4.9,41.902782,12.496366,Open-Meteo,25-34,medium,0
39,6.2,6.3,40.712776,-74.005974,Open-Meteo,45+,low,0
92,42.6,42.8,19.432608,-99.133209,Open-Meteo,45+,medium,1
53,11.6,16.0,-33.86882,151.20929,Open-Meteo,45+,medium,1
142,157.9,1076.6,28.613939,77.209023,Open-Meteo,35-44,high,3
39,2.6,2.6,49.806755,73.085449,Open-Meteo,45+,high,1
26,4.3,8.2,51.507351,-0.127758,Open-Meteo,25-34,medium,0
52,19.6,22.1,42.341685,69.590103,Open-Meteo,45+,high,2
144,17.2,20.9,39.904202,116.407394,Open-Meteo,35-44,high,3
73,15.6,20.1,41.00824,28.978359,Open-Meteo,18-24,medium,1
107,43.7,146.8,30.04442,31.235712,Open-Meteo,45+,medium,2
46,19.7,20.0,40.712776,-74.005974,Open-Meteo,35-44,high,1
37,3.2,4.5,40.416775,-3.70379,Open-Meteo,18-24,medium,0
96,40.6,124.8,25.204849,55.270782,Open-Meteo,45+,low,1
31,10.0,14.1,51.507351,-0.127758,Open-Meteo,18-24,medium,0
150,45.6,164.8,28.613939,77.209023,Open-Meteo,35-44,low,3
58,19.4,21.7,13.756331,100.501762,Open-Meteo,25-34,high,2
59,21.1,24.0,1.352083,103.819839,Open-Meteo,18-24,high,2
142,63.9,264.4,30.04442,31.235712,Open-Meteo,18-24,medium,2
31,10.2,13.7,41.902782,12.496366,Open-Meteo,45+,low,0
151,68.2,81.3,31.230391,121.473701,Open-Meteo,25-34,low,3
26,4.4,7.3,40.416775,-3.70379,Open-Meteo,18-24,high,1
49,17.8,19.7,-33.86882,151.20929,Open-Meteo,35-44,high,1
33,4.0,5.4,40.416775,-3.70379,Open-Meteo,18-24,high,1
115,31.5,147.6,39.904202,116.407394,Open-Meteo,18-24,medium,2
119,79.9,80.8,31.230391,121.473701,Open-Meteo,35-44,low,2
58,12.8,16.8,48.856613,2.352222,Open-Meteo,25-34,high,2
95,22.9,92.0,25.204849,55.270782,Open-Meteo,45+,medium,1
56,14.1,21.9,52.229676,21.012229,Open-Meteo,45+,low,1
81,20.5,23.9,13.756331,100.501762,Open-Meteo,35-44,medium,1
69,15.4,21.2,52.229676,21.012229,Open-Meteo,35-44,low,1
86,13.1,15.8,13.756331,100.501762,Open-Meteo,35-44,low,1
69,13.4,18.2,1.352083,103.819839,Open-Meteo,18-24,high,2
37,6.1,9.2,-33.86882,151.20929,Open-Meteo,18-24,medium,0
114,24.4,42.0,25.204849,55.270782,Open-Meteo,18-24,low,2
70,19.4,24.4,1.352083,103.819839,Open-Meteo,18-24,medium,1
46,13.3,18.7,41.902782,12.496366,Open-Meteo,35-44,low,0
58,14.4,17.5,13.756331,100.501762,Open-Meteo,18-24,medium,1
31,4.1,8.5,48.856613,2.352222,Open-Meteo,35-44,medium,0
33,8.8,15.0,51.507351,-0.127758,Open-Meteo,35-44,low,0
54,6.7,18.5,42.341685,69.590103,Open-Meteo,45+,high,2
56,23.1,30.0,51.169392,71.449074,Open-Meteo,25-34,low,1
46,7.6,9.5,-33.86882,151.20929,Open-Meteo,35-44,high,1
70,19.6,21.6,35.676193,139.650311,Open-Meteo,35-44,high,2
70,16.3,20.7,1.352083,103.819839,Open-Meteo,45+,low,1
37,4.4,4.8,49.806755,73.085449,Open-Meteo,18-24,medium,0
116,24.4,43.3,25.204849,55.270782,Open-Meteo,25-34,medium,2
132,65.7,226.8,28.613939,77.209023,Open-Meteo,35-44,medium,2
76,13.2,16.5,41.00824,28.978359,Open-Meteo,25-34,high,2
64,14.7,27.6,43.238949,76.889709,Open-Meteo,35-44,high,2
41,7.6,9.6,49.806755,73.085449,Open-Meteo,45+,low,0
52,9.2,17.7,42.341685,69.590103,Open-Meteo,25-34,medium,1
153,46.4,50.2,31.230391,121.473701,Open-Meteo,45+,low,3
72,33.1,38.8,52.229676,21.012229,Open-Meteo,35-44,high,2
51,11.8,14.3,42.341685,69.590103,Open-Meteo,18-24,low,1
107,38.5,47.1,37.566536,126.977966,Open-Meteo,35-44,low,2
33,9.2,13.4,52.520008,13.404954,Open-Meteo,45+,medium,0
67,9.8,12.0,35.676193,139.650311,Open-Meteo,18-24,medium,1
48,9.4,9.6,40.712776,-74.005974,Open-Meteo,18-24,medium,0
56,15.6,19.7,48.856613,2.352222,Open-Meteo,35-44,low,1
52,25.6,26.5,-33.86882,151.20929,Open-Meteo,35-44,high,2
35,12.9,18.6,48.856613,2.352222,Open-Meteo,35-44,low,0
105,26.0,84.5,25.204849,55.270782,Open-Meteo,45+,medium,2
76,18.4,27.0,30.04442,31.235712,Open-Meteo,45+,medium,1
53,14.1,20.8,41.902782,12.496366,Open-Meteo,45+,high,2
36,6.4,11.2,52.520008,13.404954,Open-Meteo,45+,high,1
58,15.1,18.7,13.756331,100.501762,Open-Meteo,18-24,high,2
30,2.3,4.1,49.806755,73.085449,Open-Meteo,45+,medium,0
85,8.8,13.1,35.676193,139.650311,Open-Meteo,35-44,high,2
33,2.8,4.0,41.902782,12.496366,Open-Meteo,35-44,low,0
57,13.6,15.5,42.341685,69.590103,Open-Meteo,25-34,low,1
28,5.0,7.0,40.416775,-3.70379,Open-Meteo,25-34,high,1
65,14.9,17.1,52.229676,21.012229,Open-Meteo,18-24,low,1
33,3.8,4.1,51.169392,71.449074,Open-Meteo,25-34,low,0
37,5.1,7.6,52.520008,13.404954,Open-Meteo,45+,medium,0
60,15.5,20.7,1.352083,103.819839,Open-Meteo,25-34,medium,1
39,3.8,4.7,41.902782,12.496366,Open-Meteo,45+,high,1
56,22.0,26.1,34.052235,-118.243683,Open-Meteo,45+,medium,1
68,12.7,12.7,-23.55052,-46.633308,Open-Meteo,45+,low,1
54,14.2,16.9,42.341685,69.590103,Open-Meteo,18-24,low,1
153,63.8,88.0,37.566536,126.977966,Open-Meteo,18-24,medium,3
69,29.3,35.7,1.352083,103.819839,Open-Meteo,35-44,high,2
76,33.1,37.4,37.566536,126.977966,Open-Meteo,25-34,high,2
36,6.3,13.2,48.856613,2.352222,Open-Meteo,45+,low,0
56,19.7,27.7,42.341685,69.590103,Open-Meteo,35-44,medium,1
29,8.5,10.5,52.520008,13.404954,Open-Meteo,45+,high,1
80,9.6,16.2,30.04442,31.235712,Open-Meteo,45+,low,1
42,3.8,6.9,52.520008,13.404954,Open-Meteo,45+,medium,0
81,31.8,36.1,43.238949,76.889709,Open-Meteo,18-24,low,1
47,21.6,26.7,42.341685,69.590103,Open-Meteo,25-34,medium,0
50,21.9,22.6,34.052235,-118.243683,Open-Meteo,45+,low,1
173,88.2,128.1,31.230391,121.473701,Open-Meteo,18-24,medium,3
27,2.2,3.0,49.806755,73.085449,Open-Meteo,45+,high,1
117,35.0,170.1,30.04442,31.235712,Open-Meteo,45+,low,2
66,26.0,32.6,1.352083,103.819839,Open-Meteo,45+,high,2
87,82.2,104.8,41.00824,28.978359,Open-Meteo,25-34,high,2
47,12.6,12.9,40.712776,-74.005974,Open-Meteo,25-34,high,1
86,28.8,32.1,34.052235,-118.243683,Open-Meteo,45+,high,2
69,11.9,20.0,52.229676,21.012229,Open-Meteo,25-34,medium,1
73,11.4,11.5,-23.55052,-46.633308,Open-Meteo,18-24,high,2
53,22.6,23.7,34.052235,-118.243683,Open-Meteo,35-44,medium,1
82,24.1,158.8,30.04442,31.235712,Open-Meteo,18-24,high,2
152,49.0,63.6,31.230391,121.473701,Open-Meteo,45+,medium,3
172,10.7,13.2,39.904202,116.407394,Open-Meteo,35-44,low,3
58,5.8,5.9,40.712776,-74.005974,Open-Meteo,35-44,high,2
79,31.2,62.9,25.204849,55.270782,Open-Meteo,25-34,low,1
79,22.6,128.7,30.04442,31.235712,Open-Meteo,45+,high,2
154,4.3,4.5,37.566536,126.977966,Open-Meteo,18-24,medium,3
102,27.0,43.2,39.904202,116.407394,Open-Meteo,35-44,low,2
89,24.6,46.6,43.238949,76.889709,Open-Meteo,18-24,low,1
32,8.5,11.5,51.507351,-0.127758,Open-Meteo,45+,medium,0
240,61.0,228.2,28.613939,77.209023,Open-Meteo,45+,high,3
49,6.6,8.9,41.902782,12.496366,Open-Meteo,35-44,low,0
30,4.0,5.9,52.520008,13.404954,Open-Meteo,25-34,high,1
52,16.2,19.2,41.902782,12.496366,Open-Meteo,35-44,high,2
39,3.1,9.7,51.507351,-0.127758,Open-Meteo,25-34,low,0
50,11.3,13.9,52.520008,13.404954,Open-Meteo,18-24,high,2
67,13.4,18.3,1.352083,103.819839,Open-Meteo,25-34,medium,1
30,6.7,13.0,52.520008,13.404954,Open-Meteo,35-44,medium,0
57,37.5,38.3,35.676193,139.650311,Open-Meteo,45+,low,1
89,37.1,37.3,19.432608,-99.133209,Open-Meteo,25-34,medium,1
180,124.3,752.5,28.613939,77.209023,Open-Meteo,45+,medium,3
74,27.3,58.4,25.204849,55.270782,Open-Meteo,35-44,low,1
56,18.2,18.6,40.712776,-74.005974,Open-Meteo,35-44,high,2
76,21.5,32.2,25.204849,55.270782,Open-Meteo,45+,medium,1
61,16.6,22.7,52.229676,21.012229,Open-Meteo,25-34,high,2
83,31.7,54.9,43.238949,76.889709,Open-Meteo,18-24,medium,1
84,20.8,22.4,37.566536,126.977966,Open-Meteo,45+,high,2
74,17.9,22.8,34.052235,-118.243683,Open-Meteo,45+,high,2
26,5.1,7.8,51.507351,-0.127758,Open-Meteo,18-24,medium,0
70,11.7,14.6,52.229676,21.012229,Open-Meteo,45+,low,1
61,6.1,6.6,40.712776,-74.005974,Open-Meteo,35-44,high,2
77,21.2,21.2,-23.55052,-46.633308,Open-Meteo,45+,high,2
123,73.8,145.3,28.613939,77.209023,Open-Meteo,18-24,low,2
46,16.1,20.2,52.229676,21.012229,Open-Meteo,18-24,high,1
47,11.1,12.8,-33.86882,151.20929,Open-Meteo,18-24,low,0
123,62.9,84.3,39.904202,116.407394,Open-Meteo,18-24,medium,2
170,102.2,159.7,31.230391,121.473701,Open-Meteo,35-44,high,3
41,4.2,5.5,40.416775,-3.70379,Open-Meteo,25-34,medium,0
152,90.1,109.4,37.566536,126.977966,Open-Meteo,25-34,high,3
29,6.2,9.7,-33.86882,151.20929,Open-Meteo,18-24,high,1
85,19.6,25.4,13.756331,100.501762,Open-Meteo,25-34,medium,1
65,15.7,18.5,34.052235,-118.243683,Open-Meteo,45+,low,1
83,32.2,50.1,25.204849,55.270782,Open-Meteo,45+,high,2
36,2.7,4.7,40.416775,-3.70379,Open-Meteo,35-44,medium,0
27,6.0,13.4,51.507351,-0.127758,Open-Meteo,35-44,low,0
46,7.4,10.1,48.856613,2.352222,Open-Meteo,45+,high,1
99,86.8,94.8,39.904202,116.407394,Open-Meteo,18-24,low,1
37,6.0,9.6,48.856613,2.352222,Open-Meteo,18-24,high,1
52,13.8,14.0,40.712776,-74.005974,Open-Meteo,45+,medium,1
45,14.2,15.3,34.052235,-118.243683,Open-Meteo,35-44,medium,0
39,9.1,10.2,49.806755,73.085449,Open-Meteo,35-44,high,1
32,3.5,4.0,51.169392,71.449074,Open-Meteo,35-44,medium,0
127,26.1,28.1,31.230391,121.473701,Open-Meteo,45+,high,3
158,86.8,90.3,37.566536,126.977966,Open-Meteo,18-24,low,3
63,31.9,46.0,43.238949,76.889709,Open-Meteo,45+,medium,1
125,16.6,25.1,37.566536,126.977966,Open-Meteo,18-24,low,2
53,7.7,10.2,41.902782,12.496366,Open-Meteo,35-44,high,2
71,18.6,22.1,41.00824,28.978359,Open-Meteo,25-34,low,1
34,4.9,6.1,41.902782,12.496366,Open-Meteo,35-44,medium,0
89,28.9,35.9,41.00824,28.978359,Open-Meteo,18-24,low,1
42,3.9,7.1,49.806755,73.085449,Open-Meteo,45+,high,1
74,17.3,21.9,41.00824,28.978359,Open-Meteo,35-44,medium,1
51,8.5,12.7,52.520008,13.404954,Open-Meteo,25-34,medium,1
67,20.4,53.9,43.238949,76.889709,Open-Meteo,45+,low,1
71,81.2,88.1,52.229676,21.012229,Open-Meteo,25-34,low,1
34,7.8,10.6,48.856613,2.352222,Open-Meteo,25-34,high,1
45,16.4,16.7,19.432608,-99.133209,Open-Meteo,35-44,low,0
33,13.4,16.9,40.712776,-74.005974,Open-Meteo,18-24,low,0
151,73.6,106.6,31.230391,121.473701,Open-Meteo,45+,low,3
67,15.2,35.9,43.238949,76.889709,Open-Meteo,25-34,low,1
54,12.1,17.0,42.341685,69.590103,Open-Meteo,25-34,medium,1
37,15.0,16.8,40.712776,-74.005974,Open-Meteo,35-44,medium,0
85,19.2,50.3,25.204849,55.270782,Open-Meteo,45+,medium,1
153,35.5,39.8,31.230391,121.473701,Open-Meteo,45+,high,3
43,7.2,9.4,-33.86882,151.20929,Open-Meteo,18-24,low,0
83,24.4,87.3,43.238949,76.889709,Open-Meteo,35-44,low,1
83,20.3,22.9,13.756331,100.501762,Open-Meteo,35-44,high,2
50,8.4,12.0,-33.86882,151.20929,Open-Meteo,18-24,high,2
101,49.4,167.2,39.904202,116.407394,Open-Meteo,18-24,low,2
57,10.4,10.5,35.676193,139.650311,Open-Meteo,45+,high,2
43,12.6,14.1,51.169392,71.449074,Open-Meteo,18-24,high,1
162,162.5,199.3,31.230391,121.473701,Open-Meteo,35-44,low,3
66,9.8,12.3,34.052235,-118.243683,Open-Meteo,25-34,low,1
32,11.4,18.1,48.856613,2.352222,Open-Meteo,18-24,medium,0
50,19.3,30.2,51.169392,71.449074,Open-Meteo,18-24,low,1
92,45.4,45.5,-23.55052,-46.633308,Open-Meteo,18-24,low,1
147,67.3,99.4,31.230391,121.473701,Open-Meteo,35-44,low,2
31,15.1,20.5,51.169392,71.449074,Open-Meteo,25-34,high,1
66,23.4,26.0,48.856613,2.352222,Open-Meteo,25-34,high,2
72,26.1,31.0,52.229676,21.012229,Open-Meteo,45+,low,1
138,43.8,125.5,30.04442,31.235712,Open-Meteo,35-44,high,3
81,23.0,34.5,43.238949,76.889709,Open-Meteo,45+,high,2
57,21.3,21.4,-23.55052,-46.633308,Open-Meteo,18-24,low,1
98,26.9,36.4,41.00824,28.978359,Open-Meteo,45+,medium,1
32,5.5,9.0,51.507351,-0.127758,Open-Meteo,25-34,low,0
80,39.3,60.1,37.566536,126.977966,Open-Meteo,18-24,medium,1
67,20.8,31.3,34.052235,-118.243683,Open-Meteo,25-34,medium,1
37,7.6,11.4,48.856613,2.352222,Open-Meteo,45+,low,0
105,30.9,39.4,41.00824,28.978359,Open-Meteo,18-24,low,2
129,53.0,283.1,28.613939,77.209023,Open-Meteo,45+,medium,2
44,7.2,10.7,48.856613,2.352222,Open-Meteo,35-44,medium,0
75,12.4,12.4,-23.55052,-46.633308,Open-Meteo,18-24,medium,1
135,56.0,91.0,31.230391,121.473701,Open-Meteo,35-44,high,3
39,7.4,11.8,52.520008,13.404954,Open-Meteo,45+,high,1
59,13.8,16.9,52.229676,21.012229,Open-Meteo,18-24,medium,1
70,13.5,17.8,34.052235,-118.243683,Open-Meteo,45+,medium,1
110,51.2,135.0,30.04442,31.235712,Open-Meteo,25-34,low,2
65,10.0,11.8,51.169392,71.449074,Open-Meteo,35-44,high,2
92,26.0,69.2,43.238949,76.889709,Open-Meteo,25-34,low,1
57,9.6,12.2,1.352083,103.819839,Open-Meteo,25-34,medium,1
73,23.1,25.8,13.756331,100.501762,Open-Meteo,25-34,low,1
79,36.4,36.8,19.432608,-99.133209,Open-Meteo,25-34,high,2
66,26.8,32.0,1.352083,103.819839,Open-Meteo,18-24,low,1
18,4.0,6.7,40.416775,-3.70379,Open-Meteo,35-44,high,1
75,18.3,35.9,43.238949,76.889709,Open-Meteo,18-24,medium,1
71,18.4,18.8,-23.55052,-46.633308,Open-Meteo,35-44,medium,1
146,20.7,41.8,31.230391,121.473701,Open-Meteo,18-24,medium,2
64,8.3,9.2,49.806755,73.085449,Open-Meteo,45+,low,1
41,1.9,2.0,51.169392,71.449074,Open-Meteo,18-24,low,0
37,3.5,7.9,52.520008,13.404954,Open-Meteo,45+,high,1
32,8.6,16.5,52.520008,13.404954,Open-Meteo,35-44,high,1
55,14.6,19.3,1.352083,103.819839,Open-Meteo,25-34,low,1
149,43.1,95.9,25.204849,55.270782,Open-Meteo,25-34,medium,2
199,31.8,37.1,31.230391,121.473701,Open-Meteo,25-34,high,3
41,2.9,3.9,41.902782,12.496366,Open-Meteo,25-34,high,1
52,15.7,18.0,42.341685,69.590103,Open-Meteo,35-44,high,2
70,14.1,17.6,52.229676,21.012229,Open-Meteo,35-44,medium,1
34,5.3,6.0,41.902782,12.496366,Open-Meteo,18-24,high,1
78,29.6,40.7,13.756331,100.501762,Open-Meteo,18-24,medium,1
64,16.6,38.1,30.04442,31.235712,Open-Meteo,18-24,medium,1
34,4.9,8.9,51.507351,-0.127758,Open-Meteo,45+,low,0
93,8.1,11.5,52.229676,21.012229,Open-Meteo,45+,high,2
105,74.7,87.3,39.904202,116.407394,Open-Meteo,35-44,low,2
59,20.5,23.3,13.756331,100.501762,Open-Meteo,35-44,low,1
70,18.3,24.7,41.00824,28.978359,Open-Meteo,35-44,medium,1
134,33.3,36.0,13.756331,100.501762,Open-Meteo,35-44,high,3
72,23.9,30.7,37.566536,126.977966,Open-Meteo,18-24,high,2
71,9.4,11.4,35.676193,139.650311,Open-Meteo,18-24,high,2
67,11.0,11.2,-23.55052,-46.633308,Open-Meteo,25-34,medium,1
73,46.2,46.2,-23.55052,-46.633308,Open-Meteo,18-24,medium,1
41,7.0,10.6,52.520008,13.404954,Open-Meteo,18-24,low,0
65,12.0,14.4,52.229676,21.012229,Open-Meteo,45+,high,2
68,21.1,27.3,48.856613,2.352222,Open-Meteo,25-34,medium,1
102,58.0,194.6,25.204849,55.270782,Open-Meteo,45+,medium,2
52,37.0,38.1,35.676193,139.650311,Open-Meteo,35-44,medium,1
52,9.5,11.7,13.756331,100.501762,Open-Meteo,18-24,high,2
51,15.4,22.3,51.169392,71.449074,Open-Meteo,25-34,high,2
29,11.8,16.5,52.520008,13.404954,Open-Meteo,18-24,medium,0
37,2.0,2.1,40.712776,-74.005974,Open-Meteo,18-24,medium,0
54,5.8,8.2,-33.86882,151.20929,Open-Meteo,45+,high,2
37,6.4,11.0,51.507351,-0.127758,Open-Meteo,35-44,medium,0
129,31.9,131.3,28.613939,77.209023,Open-Meteo,25-34,high,3
108,32.0,86.4,25.204849,55.270782,Open-Meteo,35-44,medium,2
35,16.0,18.6,-33.86882,151.20929,Open-Meteo,25-34,low,0
30,8.7,11.4,40.416775,-3.70379,Open-Meteo,35-44,high,1
46,14.6,15.6,34.052235,-118.243683,Open-Meteo,25-34,high,1
38,10.0,13.9,-33.86882,151.20929,Open-Meteo,18-24,medium,0
70,25.0,29.2,1.352083,103.819839,Open-Meteo,18-24,medium,1
42,16.6,24.6,48.856613,2.352222,Open-Meteo,35-44,low,0
55,7.6,20.7,42.341685,69.590103,Open-Meteo,35-44,medium,1
68,7.8,9.7,35.676193,139.650311,Open-Meteo,18-24,medium,1
67,26.7,29.5,34.052235,-118.243683,Open-Meteo,45+,medium,1
158,88.5,99.4,39.904202,116.407394,Open-Meteo,35-44,medium,3
30,8.9,12.0,49.806755,73.085449,Open-Meteo,35-44,high,1
88,15.8,16.2,-23.55052,-46.633308,Open-Meteo,45+,high,2
32,5.5,6.3,49.806755,73.085449,Open-Meteo,45+,medium,0
28,6.7,8.5,49.806755,73.085449,Open-Meteo,45+,medium,0
81,18.2,31.4,41.00824,28.978359,Open-Meteo,35-44,low,1
74,12.2,14.1,35.676193,139.650311,Open-Meteo,18-24,high,2
150,45.3,102.2,25.204849,55.270782,Open-Meteo,25-34,high,3
40,18.3,23.7,49.806755,73.085449,Open-Meteo,18-24,medium,0
26,2.7,3.5,49.806755,73.085449,Open-Meteo,35-44,high,1
102,32.5,42.3,41.00824,28.978359,Open-Meteo,35-44,medium,2
47,18.3,22.5,52.520008,13.404954,Open-Meteo,35-44,medium,0
35,12.0,13.2,49.806755,73.085449,Open-Meteo,35-44,medium,0
37,7.3,10.0,41.902782,12.496366,Open-Meteo,45+,low,0
53,10.1,10.2,1.352083,103.819839,Open-Meteo,45+,medium,1
30,5.1,6.1,40.712776,-74.005974,Open-Meteo,45+,low,0
80,41.1,44.2,37.566536,126.977966,Open-Meteo,18-24,medium,1
88,30.2,50.8,43.238949,76.889709,Open-Meteo,35-44,high,2
54,15.0,15.8,42.341685,69.590103,Open-Meteo,18-24,low,1
56,23.9,26.0,35.676193,139.650311,Open-Meteo,25-34,medium,1
90,11.1,13.4,39.904202,116.407394,Open-Meteo,45+,high,2
154,44.4,138.8,28.613939,77.209023,Open-Meteo,45+,high,3
97,28.0,28.8,35.676193,139.650311,Open-Meteo,18-24,high,2
51,12.9,15.8,42.341685,69.590103,Open-Meteo,25-34,medium,1
61,13.5,19.5,34.052235,-118.243683,Open-Meteo,35-44,high,2
78,20.3,29.2,25.204849,55.270782,Open-Meteo,35-44,low,1
33,12.1,17.9,48.856613,2.352222,Open-Meteo,35-44,low,0
33,9.0,17.8,48.856613,2.352222,Open-Meteo,18-24,high,1
121,69.2,71.9,31.230391,121.473701,Open-Meteo,25-34,high,3
54,9.3,12.0,13.756331,100.501762,Open-Meteo,25-34,medium,1
57,19.2,19.2,-23.55052,-46.633308,Open-Meteo,25-34,high,2
33,2.4,5.1,49.806755,73.085449,Open-Meteo,25-34,medium,0
42,9.0,13.9,52.520008,13.404954,Open-Meteo,35-44,high,1
80,12.0,12.2,19.432608,-99.133209,Open-Meteo,25-34,low,1
47,8.8,9.8,42.341685,69.590103,Open-Meteo,25-34,high,1
52,7.7,7.7,-23.55052,-46.633308,Open-Meteo,35-44,high,2
45,9.6,12.5,-33.86882,151.20929,Open-Meteo,25-34,low,0
51,11.6,13.9,42.341685,69.590103,Open-Meteo,25-34,high,2
77,32.7,37.7,41.00824,28.978359,Open-Meteo,25-34,medium,1
72,14.0,16.3,13.756331,100.501762,Open-Meteo,25-34,high,2
35,8.0,13.9,49.806755,73.085449,Open-Meteo,25-34,high,1
49,21.7,25.3,49.806755,73.085449,Open-Meteo,45+,medium,0
49,18.7,19.0,40.712776,-74.005974,Open-Meteo,25-34,high,1
34,3.7,6.9,51.507351,-0.127758,Open-Meteo,35-44,high,1
74,28.5,28.9,-23.55052,-46.633308,Open-Meteo,35-44,low,1
40,7.2,9.6,52.229676,21.012229,Open-Meteo,18-24,high,1
59,18.3,21.9,1.352083,103.819839,Open-Meteo,45+,medium,1
51,12.0,12.1,40.712776,-74.005974,Open-Meteo,18-24,high,2
45,14.5,15.5,34.052235,-118.243683,Open-Meteo,18-24,medium,0
107,19.6,24.8,41.00824,28.978359,Open-Meteo,35-44,low,2
75,15.5,25.9,30.04442,31.235712,Open-Meteo,35-44,high,2
55,9.0,11.1,-33.86882,151.20929,Open-Meteo,45+,medium,1
57,9.5,10.7,49.806755,73.085449,Open-Meteo,25-34,low,1
151,175.6,1147.4,28.613939,77.209023,Open-Meteo,18-24,medium,3
114,38.4,179.3,30.04442,31.235712,Open-Meteo,18-24,medium,2
45,4.9,5.0,40.712776,-74.005974,Open-Meteo,25-34,low,0
172,163.4,177.0,39.904202,116.407394,Open-Meteo,25-34,medium,3
59,17.1,19.5,1.352083,103.819839,Open-Meteo,45+,high,2
151,78.9,82.2,31.230391,121.473701,Open-Meteo,35-44,high,3
103,20.5,55.9,37.566536,126.977966,Open-Meteo,25-34,high,3
146,71.0,94.5,31.230391,121.473701,Open-Meteo,45+,high,3
51,8.4,8.4,-23.55052,-46.633308,Open-Meteo,35-44,high,2
36,6.4,8.5,40.416775,-3.70379,Open-Meteo,35-44,medium,0
94,17.8,19.1,52.229676,21.012229,Open-Meteo,45+,medium,1
86,19.4,80.6,43.238949,76.889709,Open-Meteo,25-34,low,1
86,27.0,33.9,41.00824,28.978359,Open-Meteo,18-24,low,1
43,9.7,10.7,42.341685,69.590103,Open-Meteo,18-24,high,1
80,13.5,22.3,41.00824,28.978359,Open-Meteo,25-34,low,1
44,14.0,17.8,-33.86882,151.20929,Open-Meteo,18-24,high,1
53,9.6,13.2,-33.86882,151.20929,Open-Meteo,45+,medium,1
65,9.6,11.8,51.169392,71.449074,Open-Meteo,45+,high,2
50,7.8,8.1,42.341685,69.590103,Open-Meteo,45+,medium,1
135,77.8,78.5,31.230391,121.473701,Open-Meteo,35-44,low,2
32,7.6,8.7,52.520008,13.404954,Open-Meteo,25-34,high,1
64,18.2,22.6,1.352083,103.819839,Open-Meteo,25-34,low,1
35,8.9,11.4,42.341685,69.590103,Open-Meteo,45+,medium,0
41,2.6,2.9,40.712776,-74.005974,Open-Meteo,25-34,low,0
94,18.0,18.9,37.566536,126.977966,Open-Meteo,35-44,high,2
41,6.9,12.1,48.856613,2.352222,Open-Meteo,35-44,low,0
36,7.0,9.8,52.520008,13.404954,Open-Meteo,25-34,low,0
53,11.1,16.6,42.341685,69.590103,Open-Meteo,45+,medium,1
40,14.8,26.4,51.169392,71.449074,Open-Meteo,45+,low,0
54,6.4,8.9,-33.86882,151.20929,Open-Meteo,18-24,low,1
65,14.0,15.2,52.229676,21.012229,Open-Meteo,45+,high,2
58,18.8,21.5,13.756331,100.501762,Open-Meteo,25-34,low,1
61,25.0,28.7,13.756331,100.501762,Open-Meteo,25-34,low,1
62,13.1,16.7,1.352083,103.819839,Open-Meteo,45+,low,1
55,13.3,16.4,1.352083,103.819839,Open-Meteo,18-24,low,1
57,12.5,13.0,51.169392,71.449074,Open-Meteo,45+,low,1
73,27.2,27.6,35.676193,139.650311,Open-Meteo,25-34,medium,1
76,25.5,32.1,43.238949,76.889709,Open-Meteo,45+,low,1
81,39.3,41.0,37.566536,126.977966,Open-Meteo,25-34,medium,1
60,24.9,24.9,-33.86882,151.20929,Open-Meteo,18-24,high,2
154,57.9,81.0,37.566536,126.977966,Open-Meteo,25-34,low,3
150,36.1,105.5,30.04442,31.235712,Open-Meteo,25-34,low,3
51,15.0,15.1,1.352083,103.819839,Open-Meteo,45+,medium,1
42,31.1,31.3,35.676193,139.650311,Open-Meteo,35-44,medium,0
74,19.4,22.5,41.00824,28.978359,Open-Meteo,18-24,high,2
136,34.8,38.2,31.230391,121.473701,Open-Meteo,25-34,low,2
54,28.5,47.3,52.229676,21.012229,Open-Meteo,18-24,high,2
70,9.1,12.0,52.229676,21.012229,Open-Meteo,35-44,high,2
66,10.8,13.3,35.676193,139.650311,Open-Meteo,35-44,high,2
51,10.1,13.3,41.902782,12.496366,Open-Meteo,25-34,low,1
79,42.7,52.4,41.00824,28.978359,Open-Meteo,25-34,medium,1
195,105.0,336.2,28.613939,77.209023,Open-Meteo,18-24,medium,3
97,27.0,40.6,25.204849,55.270782,Open-Meteo,35-44,low,1
79,16.6,18.1,35.676193,139.650311,Open-Meteo,45+,medium,1
40,4.2,5.2,41.902782,12.496366,Open-Meteo,25-34,high,1
127,69.2,210.5,28.613939,77.209023,Open-Meteo,35-44,high,3
96,23.8,94.7,30.04442,31.235712,Open-Meteo,45+,high,2
338,73.3,380.0,28.613939,77.209023,Open-Meteo,18-24,high,3
52,6.0,6.1,-23.55052,-46.633308,Open-Meteo,18-24,high,2
96,63.8,180.7,39.904202,116.407394,Open-Meteo,35-44,medium,1
71,8.2,10.0,42.341685,69.590103,Open-Meteo,18-24,low,1
88,54.6,59.4,37.566536,126.977966,Open-Meteo,25-34,medium,1
49,17.6,19.4,42.341685,69.590103,Open-Meteo,35-44,medium,0
68,13.3,17.9,34.052235,-118.243683,Open-Meteo,18-24,low,1
36,5.6,7.0,41.902782,12.496366,Open-Meteo,25-34,low,0
58,12.2,15.2,42.341685,69.590103,Open-Meteo,18-24,low,1
59,9.4,14.5,52.229676,21.012229,Open-Meteo,18-24,low,1
36,9.7,13.4,-33.86882,151.20929,Open-Meteo,18-24,high,1
44,7.2,7.3,40.712776,-74.005974,Open-Meteo,45+,low,0
77,19.9,23.1,13.756331,100.501762,Open-Meteo,45+,low,1
117,62.3,180.1,30.04442,31.235712,Open-Meteo,35-44,medium,2
116,28.0,29.8,19.432608,-99.133209,Open-Meteo,18-24,medium,2
158,21.7,23.6,37.566536,126.977966,Open-Meteo,18-24,high,3
70,18.2,22.7,1.352083,103.819839,Open-Meteo,25-34,low,1
130,15.3,31.5,39.904202,116.407394,Open-Meteo,25-34,low,2
75,20.8,26.4,34.052235,-118.243683,Open-Meteo,25-34,high,2
43,4.5,9.3,52.520008,13.404954,Open-Meteo,45+,medium,0
151,56.3,190.5,28.613939,77.209023,Open-Meteo,35-44,high,3
34,3.7,4.0,51.169392,71.449074,Open-Meteo,45+,high,1
97,44.2,53.4,37.566536,126.977966,Open-Meteo,45+,high,2
84,19.6,20.1,-23.55052,-46.633308,Open-Meteo,35-44,medium,1
79,28.2,66.0,30.04442,31.235712,Open-Meteo,18-24,high,2
56,12.6,16.5,48.856613,2.352222,Open-Meteo,35-44,medium,1
59,12.7,14.3,1.352083,103.819839,Open-Meteo,25-34,low,1
56,7.6,13.7,34.052235,-118.243683,Open-Meteo,25-34,high,2
114,45.6,64.5,35.676193,139.650311,Open-Meteo,45+,high,3
53,7.4,12.0,52.229676,21.012229,Open-Meteo,45+,medium,1
80,36.7,36.9,19.432608,-99.133209,Open-Meteo,18-24,low,1
67,21.0,29.0,43.238949,76.889709,Open-Meteo,35-44,high,2
71,20.3,28.6,41.00824,28.978359,Open-Meteo,45+,high,2
51,18.6,21.5,42.341685,69.590103,Open-Meteo,25-34,high,2
77,26.2,33.1,41.00824,28.978359,Open-Meteo,45+,low,1
82,40.0,40.5,19.432608,-99.133209,Open-Meteo,35-44,high,2
36,4.2,7.2,51.507351,-0.127758,Open-Meteo,18-24,high,1
54,22.2,28.3,1.352083,103.819839,Open-Meteo,35-44,low,1
40,2.7,5.4,51.507351,-0.127758,Open-Meteo,35-44,low,0
115,36.1,165.4,30.04442,31.235712,Open-Meteo,45+,low,2
41,5.2,10.2,48.856613,2.352222,Open-Meteo,45+,medium,0
71,20.2,27.4,52.229676,21.012229,Open-Meteo,35-44,high,2
34,5.1,9.2,51.507351,-0.127758,Open-Meteo,25-34,medium,0
60,19.4,24.9,52.229676,21.012229,Open-Meteo,35-44,medium,1
97,21.3,21.5,-23.55052,-46.633308,Open-Meteo,45+,high,2
159,52.5,65.7,39.904202,116.407394,Open-Meteo,45+,low,3
103,11.0,33.5,39.904202,116.407394,Open-Meteo,45+,low,2
31,4.9,5.7,40.712776,-74.005974,Open-Meteo,45+,high,1
84,26.9,31.0,13.756331,100.501762,Open-Meteo,45+,high,2
75,21.1,28.1,41.00824,28.978359,Open-Meteo,25-34,high,2
60,13.9,18.5,1.352083,103.819839,Open-Meteo,18-24,high,2
66,21.5,24.0,34.052235,-118.243683,Open-Meteo,18-24,low,1
38,4.4,7.3,52.520008,13.404954,Open-Meteo,35-44,medium,0
56,6.6,6.6,51.169392,71.449074,Open-Meteo,25-34,low,1
69,10.7,10.7,-23.55052,-46.633308,Open-Meteo,18-24,low,1
110,15.7,25.6,35.676193,139.650311,Open-Meteo,45+,high,3
99,69.4,99.1,41.00824,28.978359,Open-Meteo,35-44,low,1
94,9.4,12.1,37.566536,126.977966,Open-Meteo,25-34,high,2
89,17.9,20.1,13.756331,100.501762,Open-Meteo,18-24,high,2
29,7.7,10.9,-33.86882,151.20929,Open-Meteo,18-24,low,0
60,14.1,19.0,1.352083,103.819839,Open-Meteo,25-34,low,1
64,20.1,25.8,1.352083,103.819839,Open-Meteo,45+,medium,1
34,16.0,18.5,-33.86882,151.20929,Open-Meteo,18-24,medium,0
85,19.6,24.9,13.756331,100.501762,Open-Meteo,25-34,medium,1
32,6.7,10.7,52.520008,13.404954,Open-Meteo,35-44,low,0
116,32.1,34.9,13.756331,100.501762,Open-Meteo,45+,medium,2
78,11.2,20.1,30.04442,31.235712,Open-Meteo,35-44,medium,1
57,10.3,15.0,52.229676,21.012229,Open-Meteo,25-34,low,1
51,10.5,15.0,52.229676,21.012229,Open-Meteo,25-34,medium,1
39,3.2,4.1,41.902782,12.496366,Open-Meteo,25-34,medium,0
34,9.1,11.3,41.902782,12.496366,Open-Meteo,45+,medium,0
55,10.2,16.2,51.169392,71.449074,Open-Meteo,35-44,low,1
36,2.7,4.6,52.520008,13.404954,Open-Meteo,45+,medium,0
52,13.6,17.3,41.902782,12.496366,Open-Meteo,35-44,high,2
140,51.1,84.8,25.204849,55.270782,Open-Meteo,18-24,high,3
91,15.3,19.2,52.229676,21.012229,Open-Meteo,45+,high,2
29,7.5,11.0,-33.86882,151.20929,Open-Meteo,25-34,medium,0
38,6.2,7.5,42.341685,69.590103,Open-Meteo,35-44,low,0
109,77.8,90.1,39.904202,116.407394,Open-Meteo,35-44,low,2
37,9.9,11.0,49.806755,73.085449,Open-Meteo,25-34,low,0
77,19.3,97.3,30.04442,31.235712,Open-Meteo,25-34,low,1
50,11.6,13.4,-33.86882,151.20929,Open-Meteo,35-44,low,1
82,18.2,25.4,43.238949,76.889709,Open-Meteo,45+,medium,1
123,72.6,93.1,39.904202,116.407394,Open-Meteo,45+,low,2
34,8.8,14.0,42.341685,69.590103,Open-Meteo,35-44,high,1
96,50.3,101.0,25.204849,55.270782,Open-Meteo,25-34,medium,1
217,112.2,467.5,28.613939,77.209023,Open-Meteo,45+,low,3
129,22.7,23.5,31.230391,121.473701,Open-Meteo,18-24,high,3
36,9.0,11.3,41.902782,12.496366,Open-Meteo,18-24,low,0
215,60.8,172.3,28.613939,77.209023,Open-Meteo,35-44,low,3
115,48.4,92.9,25.204849,55.270782,Open-Meteo,18-24,high,3
39,8.6,14.6,49.806755,73.085449,Open-Meteo,18-24,high,1
112,25.0,46.0,25.204849,55.270782,Open-Meteo,25-34,medium,2
93,7.7,10.6,52.229676,21.012229,Open-Meteo,45+,high,2
66,14.7,19.8,52.229676,21.012229,Open-Meteo,35-44,low,1
97,16.1,20.3,35.676193,139.650311,Open-Meteo,25-34,low,1
79,20.4,22.1,35.676193,139.650311,Open-Meteo,45+,high,2
48,20.8,25.1,52.520008,13.404954,Open-Meteo,35-44,high,1
50,15.6,19.2,52.229676,21.012229,Open-Meteo,35-44,medium,1
87,36.7,38.2,34.052235,-118.243683,Open-Meteo,18-24,low,1
52,9.7,12.5,51.169392,71.449074,Open-Meteo,35-44,low,1
37,6.3,10.9,48.856613,2.352222,Open-Meteo,45+,low,0
55,17.8,18.1,40.712776,-74.005974,Open-Meteo,45+,low,1
66,81.7,89.1,52.229676,21.012229,Open-Meteo,25-34,low,1
69,21.6,22.6,48.856613,2.352222,Open-Meteo,45+,high,2
33,13.4,16.5,40.712776,-74.005974,Open-Meteo,45+,medium,0
32,2.5,3.5,40.416775,-3.70379,Open-Meteo,18-24,medium,0
57,12.7,15.0,13.756331,100.501762,Open-Meteo,35-44,high,2
50,5.6,8.4,42.341685,69.590103,Open-Meteo,45+,high,2
91,17.3,17.8,19.432608,-99.133209,Open-Meteo,25-34,high,2
78,12.4,12.6,19.432608,-99.133209,Open-Meteo,45+,medium,1
39,2.8,6.3,49.806755,73.085449,Open-Meteo,25-34,low,0
160,41.3,45.5,37.566536,126.977966,Open-Meteo,45+,high,3
58,22.2,26.2,13.756331,100.501762,Open-Meteo,25-34,low,1
82,28.3,97.6,43.238949,76.889709,Open-Meteo,45+,medium,1
126,26.9,28.2,13.756331,100.501762,Open-Meteo,45+,medium,2
106,49.7,62.9,41.00824,28.978359,Open-Meteo,35-44,high,3
198,34.0,244.0,28.613939,77.209023,Open-Meteo,25-34,low,3
97,15.3,15.7,19.432608,-99.133209,Open-Meteo,35-44,high,2
51,34.7,34.8,-23.55052,-46.633308,Open-Meteo,45+,high,2
115,12.3,12.3,-23.55052,-46.633308,Open-Meteo,35-44,low,2
75,9.7,22.3,30.04442,31.235712,Open-Meteo,35-44,low,1
161,55.2,64.5,37.566536,126.977966,Open-Meteo,25-34,medium,3
115,62.4,79.6,37.566536,126.977966,Open-Meteo,35-44,high,3
59,24.0,31.7,52.229676,21.012229,Open-Meteo,35-44,medium,1
46,21.9,25.6,49.806755,73.085449,Open-Meteo,45+,medium,0
156,42.8,97.6,37.566536,126.977966,Open-Meteo,25-34,medium,3
52,14.7,20.5,52.520008,13.404954,Open-Meteo,18-24,medium,1
73,29.1,34.7,37.566536,126.977966,Open-Meteo,45+,medium,1
84,26.6,35.3,41.00824,28.978359,Open-Meteo,35-44,high,2
146,41.1,105.1,30.04442,31.235712,Open-Meteo,18-24,high,3
54,6.9,11.8,52.229676,21.012229,Open-Meteo,45+,high,2
107,35.2,39.9,37.566536,126.977966,Open-Meteo,18-24,low,2
53,11.6,13.1,-33.86882,151.20929,Open-Meteo,25-34,medium,1
154,16.1,25.4,39.904202,116.407394,Open-Meteo,18-24,high,3
77,14.6,19.8,1.352083,103.819839,Open-Meteo,25-34,medium,1
81,28.0,40.3,41.00824,28.978359,Open-Meteo,35-44,high,2
73,13.9,19.5,43.238949,76.889709,Open-Meteo,25-34,medium,1
52,7.8,7.9,-23.55052,-46.633308,Open-Meteo,35-44,medium,1
149,60.3,70.5,31.230391,121.473701,Open-Meteo,18-24,high,3
67,28.6,31.5,34.052235,-118.243683,Open-Meteo,25-34,medium,1
58,38.6,60.6,41.00824,28.978359,Open-Meteo,45+,high,2
34,15.3,25.4,51.169392,71.449074,Open-Meteo,25-34,medium,0
60,26.3,34.5,34.052235,-118.243683,Open-Meteo,25-34,low,1
21,4.2,5.9,40.416775,-3.70379,Open-Meteo,45+,low,0
32,6.6,9.4,49.806755,73.085449,Open-Meteo,35-44,low,0
86,26.8,30.3,34.052235,-118.243683,Open-Meteo,45+,low,1
76,13.6,13.6,-23.55052,-46.633308,Open-Meteo,35-44,low,1
193,69.6,229.1,28.613939,77.209023,Open-Meteo,35-44,medium,3
49,6.1,6.7,35.676193,139.650311,Open-Meteo,35-44,low,0
101,16.8,17.3,37.566536,126.977966,Open-Meteo,35-44,high,3
60,17.9,19.3,1.352083,103.819839,Open-Meteo,35-44,high,2
154,63.3,76.6,31.230391,121.473701,Open-Meteo,35-44,high,3
47,19.3,22.3,-33.86882,151.20929,Open-Meteo,25-34,high,1
112,36.3,145.8,39.904202,116.407394,Open-Meteo,25-34,medium,2
60,13.9,17.1,13.756331,100.501762,Open-Meteo,35-44,high,2
78,76.5,106.9,41.00824,28.978359,Open-Meteo,25-34,medium,1
155,49.8,79.6,37.566536,126.977966,Open-Meteo,45+,low,3
36,4.5,6.2,40.416775,-3.70379,Open-Meteo,18-24,high,1
58,16.9,19.6,13.756331,100.501762,Open-Meteo,35-44,medium,1
81,22.8,158.1,30.04442,31.235712,Open-Meteo,25-34,low,1
61,22.2,24.9,34.052235,-118.243683,Open-Meteo,25-34,low,1
79,30.4,59.4,25.204849,55.270782,Open-Meteo,18-24,medium,1
21,8.5,12.9,40.416775,-3.70379,Open-Meteo,35-44,medium,0
128,57.9,108.3,25.204849,55.270782,Open-Meteo,35-44,medium,2
61,26.4,36.4,34.052235,-118.243683,Open-Meteo,25-34,low,1
74,12.1,14.8,13.756331,100.501762,Open-Meteo,45+,low,1
92,10.3,15.8,52.229676,21.012229,Open-Meteo,45+,low,1
72,13.3,15.7,13.756331,100.501762,Open-Meteo,45+,high,2
75,19.5,28.8,43.238949,76.889709,Open-Meteo,18-24,medium,1
26,3.0,5.2,40.416775,-3.70379,Open-Meteo,35-44,low,0
69,28.1,32.9,1.352083,103.819839,Open-Meteo,18-24,medium,1
112,13.6,14.2,-23.55052,-46.633308,Open-Meteo,45+,medium,2
70,20.5,25.7,52.229676,21.012229,Open-Meteo,45+,low,1
101,59.4,59.6,19.432608,-99.133209,Open-Meteo,35-44,low,2
116,56.5,56.8,31.230391,121.473701,Open-Meteo,35-44,low,2
65,22.6,46.8,43.238949,76.889709,Open-Meteo,35-44,low,1
72,15.7,18.2,13.756331,100.501762,Open-Meteo,18-24,low,1
53,18.3,19.7,42.341685,69.590103,Open-Meteo,25-34,low,1
64,22.0,27.5,1.352083,103.819839,Open-Meteo,35-44,low,1
124,29.2,44.0,25.204849,55.270782,Open-Meteo,25-34,low,2
73,16.5,23.1,41.00824,28.978359,Open-Meteo,18-24,high,2
59,10.6,16.0,52.229676,21.012229,Open-Meteo,25-34,high,2
41,8.9,12.6,-33.86882,151.20929,Open-Meteo,25-34,high,1
73,17.3,24.7,41.00824,28.978359,Open-Meteo,18-24,low,1
100,34.3,46.8,39.904202,116.407394,Open-Meteo,25-34,high,3
38,23.1,23.7,35.676193,139.650311,Open-Meteo,45+,medium,0
126,31.7,33.5,19.432608,-99.133209,Open-Meteo,45+,medium,2
47,9.3,9.7,40.712776,-74.005974,Open-Meteo,45+,low,0
71,11.1,13.9,35.676193,139.650311,Open-Meteo,18-24,medium,1
37,5.7,7.6,51.169392,71.449074,Open-Meteo,35-44,low,0
219,195.6,204.4,31.230391,121.473701,Open-Meteo,18-24,high,3
49,21.0,24.5,52.229676,21.012229,Open-Meteo,45+,medium,0
58,15.1,18.2,51.169392,71.449074,Open-Meteo,18-24,medium,1
88,18.3,19.3,19.432608,-99.133209,Open-Meteo,25-34,high,2
88,48.2,106.6,43.238949,76.889709,Open-Meteo,25-34,low,1
99,51.9,280.3,39.904202,116.407394,Open-Meteo,35-44,low,1
59,22.4,24.9,13.756331,100.501762,Open-Meteo,35-44,high,2
40,3.0,4.2,40.416775,-3.70379,Open-Meteo,45+,low,0
109,50.5,130.4,30.04442,31.235712,Open-Meteo,25-34,high,3
118,38.2,38.6,31.230391,121.473701,Open-Meteo,45+,medium,2
159,27.0,98.3,28.613939,77.209023,Open-Meteo,35-44,medium,3
27,9.9,13.3,40.416775,-3.70379,Open-Meteo,25-34,high,1
32,10.8,15.9,52.520008,13.404954,Open-Meteo,45+,medium,0
80,25.5,61.9,30.04442,31.235712,Open-Meteo,18-24,high,2
34,14.2,15.5,49.806755,73.085449,Open-Meteo,35-44,high,1
38,2.2,2.4,40.712776,-74.005974,Open-Meteo,25-34,low,0
59,18.2,21.8,42.341685,69.590103,Open-Meteo,18-24,medium,1
86,44.8,53.1,41.00824,28.978359,Open-Meteo,35-44,medium,1
131,68.0,196.5,28.613939,77.209023,Open-Meteo,45+,high,3
188,33.6,41.6,31.230391,121.473701,Open-Meteo,35-44,medium,3
127,60.1,267.3,28.613939,77.209023,Open-Meteo,45+,medium,2
41,3.7,5.2,40.416775,-3.70379,Open-Meteo,35-44,medium,0
34,5.0,8.3,51.507351,-0.127758,Open-Meteo,25-34,high,1
157,15.5,15.9,-23.55052,-46.633308,Open-Meteo,18-24,medium,3
44,18.4,23.1,51.507351,-0.127758,Open-Meteo,18-24,high,1
73,10.4,10.8,35.676193,139.650311,Open-Meteo,45+,medium,1
70,14.7,19.9,1.352083,103.819839,Open-Meteo,45+,medium,1
22,3.8,6.6,49.806755,73.085449,Open-Meteo,18-24,high,1
46,20.3,24.0,52.229676,21.012229,Open-Meteo,45+,low,0
39,2.6,4.9,51.507351,-0.127758,Open-Meteo,35-44,high,1
71,13.4,13.4,-23.55052,-46.633308,Open-Meteo,35-44,medium,1
23,8.0,14.8,40.416775,-3.70379,Open-Meteo,45+,high,1
64,24.7,36.8,43.238949,76.889709,Open-Meteo,25-34,high,2
205,54.5,122.5,28.613939,77.209023,Open-Meteo,18-24,medium,3
88,15.7,17.1,35.676193,139.650311,Open-Meteo,18-24,medium,1
49,8.9,13.1,48.856613,2.352222,Open-Meteo,45+,high,1
33,5.9,8.5,48.856613,2.352222,Open-Meteo,25-34,medium,0
83,18.6,18.9,-23.55052,-46.633308,Open-Meteo,18-24,high,2
34,7.2,9.6,49.806755,73.085449,Open-Meteo,25-34,low,0
143,60.5,130.4,28.613939,77.209023,Open-Meteo,18-24,medium,2
48,14.5,15.6,40.712776,-74.005974,Open-Meteo,18-24,low,0
36,3.2,5.0,40.416775,-3.70379,Open-Meteo,25-34,medium,0
29,5.3,9.8,48.856613,2.352222,Open-Meteo,25-34,medium,0
35,14.6,24.7,51.169392,71.449074,Open-Meteo,45+,high,1
95,32.1,32.4,-23.55052,-46.633308,Open-Meteo,45+,high,2
126,18.4,18.8,19.432608,-99.133209,Open-Meteo,45+,medium,2
121,27.1,35.3,39.904202,116.407394,Open-Meteo,25-34,medium,2
35,12.4,17.9,51.507351,-0.127758,Open-Meteo,18-24,high,1
123,38.6,51.9,37.566536,126.977966,Open-Meteo,18-24,low,2
81,52.4,213.7,25.204849,55.270782,Open-Meteo,25-34,medium,1
47,4.8,7.7,51.507351,-0.127758,Open-Meteo,45+,low,0
142,34.7,36.8,13.756331,100.501762,Open-Meteo,25-34,high,3
69,20.7,23.5,48.856613,2.352222,Open-Meteo,45+,low,1
168,21.5,21.8,-23.55052,-46.633308,Open-Meteo,18-24,low,3
151,72.9,204.0,28.613939,77.209023,Open-Meteo,45+,medium,3
107,51.7,56.2,37.566536,126.977966,Open-Meteo,25-34,low,2
72,46.6,47.5,19.432608,-99.133209,Open-Meteo,18-24,low,1
230,70.5,470.3,28.613939,77.209023,Open-Meteo,35-44,low,3
74,23.9,24.3,-23.55052,-46.633308,Open-Meteo,35-44,low,1
133,128.1,856.8,28.613939,77.209023,Open-Meteo,35-44,medium,3
39,4.5,6.7,51.507351,-0.127758,Open-Meteo,45+,low,0
36,5.4,12.7,51.507351,-0.127758,Open-Meteo,25-34,high,1
62,32.4,46.4,43.238949,76.889709,Open-Meteo,45+,high,2
80,39.3,40.4,35.676193,139.650311,Open-Meteo,45+,high,2
55,15.4,18.6,13.756331,100.501762,Open-Meteo,25-34,medium,1
85,20.0,28.3,25.204849,55.270782,Open-Meteo,25-34,medium,1
71,25.1,33.8,37.566536,126.977966,Open-Meteo,35-44,low,1
38,4.1,6.1,40.416775,-3.70379,Open-Meteo,25-34,medium,0
55,15.9,16.9,-33.86882,151.20929,Open-Meteo,35-44,medium,1
54,10.5,11.9,-33.86882,151.20929,Open-Meteo,18-24,low,1
113,64.3,82.9,39.904202,116.407394,Open-Meteo,25-34,high,3
70,18.5,23.5,35.676193,139.650311,Open-Meteo,18-24,medium,1
107,44.0,147.7,30.04442,31.235712,Open-Meteo,35-44,medium,2
32,10.3,12.7,41.902782,12.496366,Open-Meteo,45+,low,0
47,6.7,10.2,-33.86882,151.20929,Open-Meteo,25-34,low,0
36,3.9,8.3,52.520008,13.404954,Open-Meteo,25-34,medium,0
102,19.2,79.6,39.904202,116.407394,Open-Meteo,45+,high,3
47,8.8,9.0,40.712776,-74.005974,Open-Meteo,18-24,medium,0
62,8.2,8.2,-23.55052,-46.633308,Open-Meteo,25-34,low,1
76,8.7,11.5,35.676193,139.650311,Open-Meteo,45+,high,2
82,22.6,26.6,43.238949,76.889709,Open-Meteo,25-34,low,1
73,14.9,22.2,41.00824,28.978359,Open-Meteo,18-24,high,2
51,12.7,15.9,52.229676,21.012229,Open-Meteo,35-44,high,2
70,12.3,12.4,40.712776,-74.005974,Open-Meteo,25-34,medium,1
42,13.5,13.7,40.712776,-74.005974,Open-Meteo,35-44,low,0
128,55.4,267.3,28.613939,77.209023,Open-Meteo,25-34,high,3
36,4.6,7.5,52.520008,13.404954,Open-Meteo,35-44,low,0
94,30.8,32.7,41.00824,28.978359,Open-Meteo,25-34,medium,1
34,9.8,13.0,42.341685,69.590103,Open-Meteo,25-34,high,1
87,25.7,67.3,25.204849,55.270782,Open-Meteo,25-34,medium,1
136,80.1,83.6,39.904202,116.407394,Open-Meteo,45+,medium,2
56,17.9,18.0,-23.55052,-46.633308,Open-Meteo,25-34,medium,1
141,34.2,91.7,25.204849,55.270782,Open-Meteo,25-34,low,2
37,3.4,4.5,40.416775,-3.70379,Open-Meteo,18-24,low,0
129,58.4,119.2,28.613939,77.209023,Open-Meteo,18-24,medium,2
50,15.5,19.4,41.902782,12.496366,Open-Meteo,18-24,low,1
75,21.8,32.5,25.204849,55.270782,Open-Meteo,18-24,high,2
34,5.0,9.4,51.507351,-0.127758,Open-Meteo,45+,low,0
76,24.1,24.4,-23.55052,-46.633308,Open-Meteo,18-24,high,2
54,23.9,24.0,35.676193,139.650311,Open-Meteo,18-24,medium,1
103,15.7,19.2,35.676193,139.650311,Open-Meteo,18-24,high,3
90,14.0,20.3,35.676193,139.650311,Open-Meteo,35-44,high,2
76,11.3,11.5,19.432608,-99.133209,Open-Meteo,18-24,low,1
59,14.5,15.5,1.352083,103.819839,Open-Meteo,45+,high,2
52,15.4,16.3,-33.86882,151.20929,Open-Meteo,25-34,medium,1
35,5.9,11.9,51.507351,-0.127758,Open-Meteo,45+,high,1
70,27.6,32.0,1.352083,103.819839,Open-Meteo,45+,low,1
82,21.0,34.3,39.904202,116.407394,Open-Meteo,25-34,high,2
30,8.1,11.2,49.806755,73.085449,Open-Meteo,45+,medium,0
86,25.3,70.1,43.238949,76.889709,Open-Meteo,45+,low,1
69,41.7,42.7,19.432608,-99.133209,Open-Meteo,18-24,medium,1
297,78.7,551.3,28.613939,77.209023,Open-Meteo,35-44,high,3
62,23.1,26.0,13.756331,100.501762,Open-Meteo,18-24,high,2
83,40.2,40.2,-23.55052,-46.633308,Open-Meteo,18-24,medium,1
43,13.2,14.7,-33.86882,151.20929,Open-Meteo,45+,high,1
56,9.3,13.9,51.169392,71.449074,Open-Meteo,18-24,medium,1
79,48.9,203.0,25.204849,55.270782,Open-Meteo,35-44,high,2
146,6.3,8.1,37.566536,126.977966,Open-Meteo,35-44,high,3
39,8.2,14.5,51.507351,-0.127758,Open-Meteo,25-34,high,1
18,3.6,6.3,40.416775,-3.70379,Open-Meteo,18-24,medium,0
66,16.7,23.5,34.052235,-118.243683,Open-Meteo,25-34,high,2
41,15.4,27.2,51.169392,71.449074,Open-Meteo,45+,low,0
